,motor_health,temperature,vibration,current,rpm
motor_health,1.0,-0.7144860035020292,-0.9203230491302418,-0.45297434785478186,-0.012795985143581268
temperature,-0.7144860035020292,1.0,0.613686680813552,0.8329665651261173,-0.04579635115907034
vibration,-0.9203230491302418,0.613686680813552,1.0,0.3606102057975153,0.06410275680413795
current,-0.45297434785478186,0.8329665651261173,0.3606102057975153,1.0,-0.07289598936698506
rpm,-0.012795985143581268,-0.04579635115907034,0.06410275680413795,-0.07289598936698506,1.0
